"PatientID","Time","Measurement"
"PT01",0,50
"PT01",2,30
"PT01",4,25
"PT01",6,20
"PT02",0,60
"PT02",2,45
"PT02",4,40
"PT02",6,42
"PT03",0,55
"PT03",2,50
"PT03",4,52
"PT03",6,48
"PT04",0,45
"PT04",2,50
"PT04",4,55
"PT04",6,65
"PT05",0,40
"PT05",2,20
"PT05",4,0
"PT05",6,0
"PT06",0,70
"PT06",2,55
"PT06",4,50
"PT06",6,45
"PT07",0,35
"PT07",2,25
"PT07",4,20
"PT07",6,18
"PT08",0,80
"PT08",2,60
"PT08",4,55
"PT08",6,50
"PT09",0,65
"PT09",2,45
"PT09",4,40
"PT09",6,38
"PT10",0,75
"PT10",2,70
"PT10",4,72
"PT10",6,75
"PT11",0,42
"PT11",2,30
"PT11",4,25
"PT11",6,22
"PT12",0,58
"PT12",2,40
"PT12",4,35
"PT12",6,32
"PT13",0,90
"PT13",2,75
"PT13",4,65
"PT13",6,60
"PT14",0,48
"PT14",2,35
"PT14",4,30
"PT14",6,28
"PT15",0,52
"PT15",2,48
"PT15",4,45
"PT15",6,42
